INSERT INTO USUARIO(NOME, EMAIL, CPF, USRCOD)
VALUES ("BIGFOOT","BGF@RJ.GOV.BR", "17100015571","7");

INSERT INTO COMPRA(USRCOD, ENDCOBRA, ENDENTRG, CODCRT, CODCMP, DATA, VALOR)
VALUES
("7","70049970", "22231901", "1234567890123456", "0101010101", "11-12-2018", 966.65),
("7","70150907", "24900000", "1234567890123456", "0202020202", "29-10-2018", 15025.49),
("7","70049970", "24900000", "1234567890123456", "0303030303", "01-01-2018", 3070.93);

INSERT INTO PRODUTO(CODBARRA, TIPO, PRECO, NOME, DESCRICAO)
VALUES
(123123132, "BAGAGENS", 168.00, "MALA SUSPEITA", "OTIMA MALA PARA TRANSPORTE DE DINHEIRO ROUBADO"),
(111111111, "VESTIMENTA", 25.55, "CUECA DO DIM", "OTIMA CUECA PARA TRANSPORTE DE DINHEIRO ROUBADO"),
(159159195, "TECNOLOGIA", 2499.99, "CEL.DESNECESSAR", "OTIMO PARA ESPALHAR FAKE NEWS PELO ZAPZAP"),
(357753573, "PAPELARIA", 22.98, "AGENDA 2019", "DESCESSARIA POIS VC ESTARA PRESO TODOS OS DIAS");

INSERT INTO PRODCMP(CODBARRA, CODCMP, QTD)
VALUES
(123123132, "0101010101", 5),
(111111111, "0101010101", 3),
(111111111, "0202020202", 1),
(159159195, "0202020202", 6),
(111111111, "0303030303", 2),
(357753573, "0303030303", 8),
(159159195, "0303030303", 1),
(123123132, "0303030303", 2);

INSERT INTO CARRINHO(USRCOD, CODCARR)
VALUES
("7", 171);

INSERT INTO PRODCARR (CODBARRA,CODCARR,QTD)
VALUES
(123123132, 171, 2),
(111111111, 171 , 2),
(357753573, 171, 8),
(159159195, 171, 1);

INSERT INTO ENDERECO (LOGRADOURO, USRCOD, CEP, ESTADO, MUNICIPIO, NUMERO)
VALUES
("PALACIO DA GUANABARA", "7", "22231901", "RJ", "RIO DE JANEIRO", 1),
("PALACIO DO JABURU", "7", "22231901", "RJ", "RIO DE JANEIRO", 2),
("CASA DE UM ALUNO QUALQUER DE BD", "7", "24900000", "RJ", "MARICA", 3);

INSERT INTO CARTAO (CODCRT, CODVRF, VALIDADE, TITULAR, OPERADORA, BANCO, USRCOD)
VALUES
("1234123412341234", "666", "01-12-2022", "BIGFOOT", "VISA", "BANCO DO BRASIL", "7"),
("1111222233334444", "071", "01-11-2023", "BIGFOOT", "ELO", "BRADESCO", "7"),
("9874987498749874", "999", "01-10-2019", "BIGFOOT", "MASTER", "CAIXA", "7");
